marka,model,motor_donanim,kasa_tipi,yakit_tipi,sanziman,kullanim_amaci,fiyat_tl,donanim_skor,guvenlik_skor,performans_skor,konfor_skor,ikinci_el_skor,tuketim_kwh,ev_sarj_tl,yillik_mtv,yillik_sigorta,yillik_bakim,ortalama_tuketim,beygir_gucu,tork_nm,hizlanma_0_100s,elektrikli_menzil_km,gövde_uzunlugu_mm,bagaj_hacmi_lt,marka_sitesi
Fiat,Egea,1.4 Fire Easy,Sedan,Benzin,Manuel,Aile/Ekonomik,1210000,2.5,3.0,2.0,2.5,5.0,0,0,5800,8000,6000,6.4,95,127,11.5,0,4532,520,https://www.fiat.com.tr
Fiat,Egea,1.4 Fire Urban,Sedan,Benzin,Manuel,Aile/Ekonomik,1290000,2.8,3.0,2.0,2.8,5.0,0,0,5800,8200,6000,6.4,95,127,11.5,0,4532,520,https://www.fiat.com.tr
Fiat,Egea,1.4 Fire Lounge,Sedan,Benzin,Manuel,Aile/Konfor,1380000,3.5,3.5,2.0,3.5,5.0,0,0,5800,8500,6000,6.4,95,127,11.5,0,4532,520,https://www.fiat.com.tr
Fiat,Egea,1.3 Multijet Easy,Sedan,Dizel,Manuel,Ekonomik/Filo,1450000,2.5,3.0,2.5,2.5,5.0,0,0,6500,9000,6500,4.5,95,200,11.5,0,4532,520,https://www.fiat.com.tr
Fiat,Egea,1.6 Multijet Urban,Sedan,Dizel,Otomatik,Aile/Konfor,1650000,3.5,3.5,3.0,3.5,5.0,0,0,7500,9500,7000,4.7,130,320,9.8,0,4532,520,https://www.fiat.com.tr
Fiat,Egea Cross,1.4 Fire Street,SUV,Benzin,Manuel,Şehir/Ekonomik,1350000,3.0,3.2,2.2,3.0,5.0,0,0,5800,8500,6200,6.5,95,127,11.8,0,4386,440,https://www.fiat.com.tr
Fiat,Egea Cross,1.4 Fire Urban,SUV,Benzin,Manuel,Şehir/Stil,1420000,3.2,3.2,2.2,3.2,5.0,0,0,5800,8800,6200,6.5,95,127,11.8,0,4386,440,https://www.fiat.com.tr
Fiat,Egea Cross,1.4 Fire Lounge,SUV,Benzin,Manuel,Şehir/Lüks,1510000,3.8,3.5,2.2,3.8,5.0,0,0,5800,9000,6200,6.5,95,127,11.8,0,4386,440,https://www.fiat.com.tr
Fiat,Egea Cross,1.6 Multijet Lounge,SUV,Dizel,Otomatik,Aile/Konfor,1750000,4.0,3.8,3.2,4.0,4.8,0,0,7500,10000,7500,5.0,130,320,10.2,0,4386,440,https://www.fiat.com.tr
Fiat,Egea Cross,1.5 Hibrit Lounge,SUV,Hibrit,Otomatik,Şehir/Teknoloji,1880000,4.2,4.0,3.5,4.0,4.5,0,0,7500,10500,7000,5.0,130,240,9.0,0,4386,440,https://www.fiat.com.tr
Renault,Clio,1.0 TCe Evolution,Hatchback,Benzin,Otomatik,Şehir/Pratik,1380000,3.5,4.0,2.8,3.5,5.0,0,0,6000,8500,6500,5.8,90,160,11.5,0,4050,391,https://www.renault.com.tr
Renault,Clio,1.0 TCe Techno Esprit Alpine,Hatchback,Benzin,Otomatik,Genç/Tasarım,1550000,4.2,4.2,3.0,3.8,4.8,0,0,6500,9500,7000,5.8,90,160,11.5,0,4050,391,https://www.renault.com.tr
Renault,Taliant,1.0 TCe Joy,Sedan,Benzin,Otomatik,Ekonomik/Filo,1290000,2.8,3.0,2.5,3.0,4.5,0,0,5800,8000,6000,6.1,90,160,11.7,0,4396,628,https://www.renault.com.tr
Renault,Taliant,1.0 TCe Touch,Sedan,Benzin,Otomatik,Aile/Ekonomik,1380000,3.2,3.2,2.5,3.2,4.5,0,0,5800,8200,6000,6.1,90,160,11.7,0,4396,628,https://www.renault.com.tr
Renault,Megane Sedan,1.3 TCe Joy,Sedan,Benzin,Otomatik,Aile/Konfor,1650000,3.8,4.2,3.8,4.0,4.8,0,0,7500,9500,8000,6.5,140,240,9.0,0,4632,550,https://www.renault.com.tr
Renault,Megane Sedan,1.3 TCe Touch,Sedan,Benzin,Otomatik,Aile/Filo,1750000,4.0,4.5,3.8,4.2,4.8,0,0,7500,10000,8000,6.5,140,240,9.0,0,4632,550,https://www.renault.com.tr
Renault,Megane Sedan,1.3 TCe Icon,Sedan,Benzin,Otomatik,Makam/Konfor,1950000,4.5,4.8,3.8,4.5,4.8,0,0,7500,11000,8500,6.5,140,240,9.0,0,4632,550,https://www.renault.com.tr
Renault,Austral,1.3 Mild Hybrid Techno,SUV,Hibrit,Otomatik,Aile/Teknoloji,2100000,4.5,4.8,3.8,4.5,4.2,0,0,8500,12000,8500,6.2,160,270,9.7,0,4510,500,https://www.renault.com.tr
Renault,Austral,Full Hybrid Esprit Alpine,SUV,Hibrit,Otomatik,Aile/Premium,2650000,4.8,5.0,4.2,4.8,4.2,0,0,9500,14000,9000,4.6,200,410,8.4,0,4510,500,https://www.renault.com.tr
Renault,Captur,1.3 TCe Touch,SUV,Benzin,Otomatik,Şehir/Tarz,1550000,4.0,4.2,3.5,4.0,4.2,0,0,6500,9000,7000,6.5,140,260,9.6,0,4227,422,https://www.renault.com.tr
Renault,Captur,1.3 TCe Icon,SUV,Benzin,Otomatik,Şehir/Lüks,1720000,4.2,4.5,3.5,4.2,4.2,0,0,6500,9500,7500,6.5,140,260,9.6,0,4227,422,https://www.renault.com.tr
Hyundai,i10,1.2 MPI Jump,Hatchback,Benzin,Otomatik,Şehir/Mini,1080000,2.8,3.0,2.0,2.5,4.5,0,0,4500,6500,5000,5.5,84,118,12.6,0,3670,252,https://www.hyundai.com.tr
Hyundai,i10,1.2 MPI Elite,Hatchback,Benzin,Otomatik,Şehir/Konfor,1180000,3.2,3.0,2.0,3.0,4.5,0,0,4500,7000,5000,5.5,84,118,12.6,0,3670,252,https://www.hyundai.com.tr
Hyundai,i20,1.4 MPI Jump,Hatchback,Benzin,Otomatik,Şehir/Ekonomik,1250000,3.5,3.8,2.8,3.2,4.8,0,0,5500,8000,6000,6.3,100,134,11.6,0,4040,352,https://www.hyundai.com.tr
Hyundai,i20,1.4 MPI Style,Hatchback,Benzin,Otomatik,Şehir/Genç,1350000,3.8,3.8,2.8,3.5,4.8,0,0,5500,8500,6000,6.3,100,134,11.6,0,4040,352,https://www.hyundai.com.tr
Hyundai,i20,1.4 MPI Elite,Hatchback,Benzin,Otomatik,Şehir/Lüks,1450000,4.2,4.0,2.8,3.8,4.8,0,0,5500,9000,6500,6.3,100,134,11.6,0,4040,352,https://www.hyundai.com.tr
Hyundai,Bayon,1.4 Jump,SUV,Benzin,Otomatik,Şehir/Crossover,1380000,3.5,3.8,3.0,3.2,4.2,0,0,6000,8200,6500,6.6,100,134,12.0,0,4180,411,https://www.hyundai.com.tr
Hyundai,Bayon,1.4 Elite,SUV,Benzin,Otomatik,Şehir/Genç,1550000,4.0,4.0,3.0,3.8,4.2,0,0,6000,9000,6500,6.6,100,134,12.0,0,4180,411,https://www.hyundai.com.tr
Hyundai,Tucson,1.6 T-GDI Comfort,SUV,Benzin,Otomatik,Aile/Giriş,2150000,4.2,4.8,4.0,4.2,4.5,0,0,9000,13000,9000,7.5,180,265,8.8,0,4500,620,https://www.hyundai.com.tr
Hyundai,Tucson,1.6 T-GDI Elite Plus,SUV,Benzin,Otomatik,Aile/Premium,2550000,4.8,5.0,4.2,4.8,4.5,0,0,9000,15000,9500,7.5,180,265,8.8,0,4500,620,https://www.hyundai.com.tr
Hyundai,Ioniq 5,Advance,SUV,Elektrikli,Otomatik,Teknoloji/Ekonomik,2450000,4.8,5.0,4.5,4.8,4.0,16.0,4.0,12000,14000,3500,0,170,350,8.5,384,4635,527,https://www.hyundai.com.tr
Hyundai,Ioniq 5,Progressive 4x4,SUV,Elektrikli,Otomatik,Performans/Lüks,3400000,5.0,5.0,5.0,5.0,4.0,18.0,4.5,12000,18000,4000,0,325,605,5.1,450,4635,527,https://www.hyundai.com.tr
Kia,Picanto,1.0 DPI Cool,Hatchback,Benzin,Otomatik,Şehir/Mini,1050000,3.0,3.0,2.0,2.8,4.0,0,0,3000,5000,3500,5.5,67,96,14.0,0,3595,255,https://www.kia.com/tr/
Kia,Picanto,1.2 DPI Feel,Hatchback,Benzin,Otomatik,Şehir/Konfor,1150000,3.2,3.2,2.5,3.0,4.0,0,0,3500,5500,4000,5.6,84,118,12.5,0,3595,255,https://www.kia.com/tr/
Kia,Stonic,1.4 Cool,SUV,Benzin,Otomatik,Şehir/Ekonomik,1320000,3.5,3.8,3.0,3.5,4.0,0,0,6000,8000,6000,6.5,100,133,12.5,0,4140,352,https://www.kia.com/tr/
Kia,Stonic,1.4 Business,SUV,Benzin,Otomatik,Şehir/İş,1400000,3.8,3.8,3.0,3.5,4.0,0,0,6000,8500,6000,6.5,100,133,12.5,0,4140,352,https://www.kia.com/tr/
Kia,Stonic,1.4 Elegance,SUV,Benzin,Otomatik,Şehir/Konfor,1500000,4.0,4.0,3.0,3.8,4.0,0,0,6000,9000,6500,6.5,100,133,12.5,0,4140,352,https://www.kia.com/tr/
Kia,Sportage,1.6 T-GDI Cool,SUV,Benzin,Otomatik,Aile/Giriş,2100000,4.2,4.8,4.0,4.2,4.2,0,0,8500,13000,8000,7.5,150,250,9.6,0,4515,591,https://www.kia.com/tr/
Kia,Sportage,1.6 T-GDI Elegance Konfor,SUV,Benzin,Otomatik,Aile/Konfor,2350000,4.5,4.8,4.0,4.5,4.2,0,0,8500,14000,8500,7.5,150,250,9.6,0,4515,591,https://www.kia.com/tr/
Kia,Sportage,1.6 T-GDI Prestige,SUV,Benzin,Otomatik,Aile/Lüks,2600000,4.8,5.0,4.0,4.8,4.2,0,0,8500,15000,9000,7.5,150,250,9.6,0,4515,591,https://www.kia.com/tr/
Kia,Niro EV,Prestige,SUV,Elektrikli,Otomatik,Aile/Elektrikli,2250000,4.8,5.0,4.0,4.5,4.0,16.2,4.0,8000,12000,3500,0,204,255,7.8,460,4420,475,https://www.kia.com/tr/
Toyota,Corolla,1.5 Vision Plus,Sedan,Benzin,Otomatik,Aile/Giriş,1520000,3.5,4.0,3.2,3.8,5.0,0,0,7000,9000,6500,6.0,125,153,11.5,0,4630,471,https://www.toyota.com.tr
Toyota,Corolla,1.5 Dream,Sedan,Benzin,Otomatik,Aile/Orta,1650000,3.8,4.2,3.2,4.0,5.0,0,0,7000,9500,7000,6.0,125,153,11.5,0,4630,471,https://www.toyota.com.tr
Toyota,Corolla,1.5 Dream X-Pack,Sedan,Benzin,Otomatik,Aile/Konfor,1720000,4.0,4.5,3.2,4.2,5.0,0,0,7000,10000,7500,6.0,125,153,11.5,0,4630,471,https://www.toyota.com.tr
Toyota,Corolla,1.5 Flame X-Pack,Sedan,Benzin,Otomatik,Aile/Lüks,1850000,4.2,4.5,3.2,4.5,5.0,0,0,7000,10500,7500,6.0,125,153,11.5,0,4630,471,https://www.toyota.com.tr
Toyota,Corolla,1.5 Passion X-Pack,Sedan,Benzin,Otomatik,Aile/Full,2050000,4.8,4.8,3.2,4.8,5.0,0,0,7000,11500,8000,6.0,125,153,11.5,0,4630,471,https://www.toyota.com.tr
Toyota,Corolla Cross,1.8 Hybrid Flame,SUV,Hibrit,Otomatik,Aile/Hibrit,2200000,4.2,4.8,3.5,4.5,4.8,0,0,9000,13000,8500,5.0,140,185,9.8,0,4460,425,https://www.toyota.com.tr
Toyota,Corolla Cross,1.8 Hybrid Flame X-Pack,SUV,Hibrit,Otomatik,Aile/Hibrit Lüks,2350000,4.5,4.8,3.5,4.8,4.8,0,0,9000,14000,9000,5.0,140,185,9.8,0,4460,425,https://www.toyota.com.tr
Toyota,Corolla Cross,1.8 Hybrid Passion X-Pack,SUV,Hibrit,Otomatik,Aile/Hibrit Full,2650000,4.8,5.0,3.5,5.0,4.8,0,0,9000,15000,9500,5.0,140,185,9.8,0,4460,425,https://www.toyota.com.tr
Toyota,C-HR,1.8 Hybrid Flame,SUV,Hibrit,Otomatik,Şehir/Stil,2300000,4.2,4.8,3.5,4.0,4.5,0,0,9500,13500,9000,4.8,140,185,9.9,0,4360,388,https://www.toyota.com.tr
Toyota,C-HR,1.8 Hybrid Passion,SUV,Hibrit,Otomatik,Şehir/Lüks,2550000,4.5,4.8,3.5,4.2,4.5,0,0,9500,14500,9500,4.8,140,185,9.9,0,4360,388,https://www.toyota.com.tr
Toyota,Yaris Cross,1.5 Hybrid Dream,SUV,Hibrit,Otomatik,Şehir/Pratik,1750000,4.0,4.5,3.2,4.0,4.5,0,0,6000,10000,6500,4.6,116,120,11.2,0,4180,397,https://www.toyota.com.tr
Toyota,Yaris Cross,1.5 Hybrid Flame X-Pack,SUV,Hibrit,Otomatik,Şehir/Donanım,1950000,4.2,4.5,3.2,4.2,4.5,0,0,6000,11000,7000,4.6,116,120,11.2,0,4180,397,https://www.toyota.com.tr
Chery,Omoda 5,Comfort,SUV,Benzin,Otomatik,Genç/Giriş,1650000,4.2,4.2,4.0,3.8,4.0,0,0,8000,10000,7000,8.9,183,275,8.6,0,4400,378,https://www.chery.com.tr
Chery,Omoda 5,Luxury,SUV,Benzin,Otomatik,Genç/Orta,1780000,4.5,4.2,4.0,4.0,4.0,0,0,8000,11000,7500,8.9,183,275,8.6,0,4400,378,https://www.chery.com.tr
Chery,Omoda 5,Excellent,SUV,Benzin,Otomatik,Genç/Full,1900000,4.8,4.5,4.0,4.2,4.0,0,0,8000,12000,8000,8.9,183,275,8.6,0,4400,378,https://www.chery.com.tr
Chery,Tiggo 7 Pro,Comfort,SUV,Benzin,Otomatik,Aile/Giriş,1750000,4.2,4.5,3.8,4.0,4.0,0,0,8500,11000,7500,9.2,183,275,9.0,0,4500,475,https://www.chery.com.tr
Chery,Tiggo 7 Pro,Luxury,SUV,Benzin,Otomatik,Aile/Orta,1880000,4.5,4.5,3.8,4.2,4.0,0,0,8500,12000,8000,9.2,183,275,9.0,0,4500,475,https://www.chery.com.tr
Chery,Tiggo 7 Pro,Excellent,SUV,Benzin,Otomatik,Aile/Full,2000000,4.8,4.8,3.8,4.5,4.0,0,0,8500,13000,8500,9.2,183,275,9.0,0,4500,475,https://www.chery.com.tr
Chery,Tiggo 8 Pro,Luxury,SUV,Benzin,Otomatik,Büyük Aile/Giriş,2250000,4.5,4.8,4.0,4.5,4.0,0,0,10000,14000,9000,9.5,183,290,8.9,0,4722,892,https://www.chery.com.tr
Chery,Tiggo 8 Pro,Excellent,SUV,Benzin,Otomatik,Büyük Aile/Orta,2400000,4.8,4.8,4.0,4.8,4.0,0,0,10000,15000,9500,9.5,183,290,8.9,0,4722,892,https://www.chery.com.tr
Chery,Tiggo 8 Pro,Avantgarde,SUV,Benzin,Otomatik,Büyük Aile/Lüks,2650000,5.0,5.0,4.0,5.0,4.0,0,0,10000,16000,10000,9.5,183,290,8.9,0,4722,892,https://www.chery.com.tr
Peugeot,208,1.2 PureTech Active Prime,Hatchback,Benzin,Otomatik,Şehir/Genç,1450000,4.0,4.0,3.5,3.8,4.2,0,0,6000,9000,6500,5.4,100,205,10.8,0,4055,311,https://www.peugeot.com.tr
Peugeot,208,1.2 PureTech Allure,Hatchback,Benzin,Otomatik,Şehir/Stil,1580000,4.2,4.0,3.5,4.0,4.2,0,0,6000,9500,7000,5.4,130,230,8.7,0,4055,311,https://www.peugeot.com.tr
Peugeot,208,1.2 PureTech GT,Hatchback,Benzin,Otomatik,Şehir/Spor,1750000,4.5,4.2,3.8,4.0,4.2,0,0,6000,10000,7500,5.4,130,230,8.7,0,4055,311,https://www.peugeot.com.tr
Peugeot,2008,1.2 PureTech Active Prime,SUV,Benzin,Otomatik,Genç/Giriş,1750000,4.2,4.0,3.8,3.8,4.2,0,0,8000,11000,7500,6.0,130,230,9.3,0,4300,434,https://www.peugeot.com.tr
Peugeot,2008,1.2 PureTech Allure,SUV,Benzin,Otomatik,Genç/Orta,1920000,4.5,4.2,3.8,4.0,4.2,0,0,8000,12000,8000,6.0,130,230,9.3,0,4300,434,https://www.peugeot.com.tr
Peugeot,2008,1.2 PureTech GT,SUV,Benzin,Otomatik,Genç/Spor,2150000,4.8,4.5,3.8,4.2,4.2,0,0,8000,13000,8500,6.0,130,230,9.3,0,4300,434,https://www.peugeot.com.tr
Peugeot,3008,1.2 Mild Hybrid Allure,SUV,Hibrit,Otomatik,Aile/Verim,2450000,4.8,4.5,3.8,4.5,4.2,0,0,9000,14000,9000,5.7,136,230,10.0,0,4447,520,https://www.peugeot.com.tr
Peugeot,3008,1.5 BlueHDi Active Prime,SUV,Dizel,Otomatik,Aile/Giriş,2350000,4.5,4.5,3.5,4.2,4.2,0,0,11000,14000,9000,5.4,130,300,11.5,0,4447,520,https://www.peugeot.com.tr
Peugeot,3008,1.5 BlueHDi Allure,SUV,Dizel,Otomatik,Aile/Konfor,2580000,4.8,4.5,3.8,4.5,4.2,0,0,11000,15000,9500,5.4,130,300,11.5,0,4447,520,https://www.peugeot.com.tr
Peugeot,3008,1.5 BlueHDi GT,SUV,Dizel,Otomatik,Aile/Lüks,2850000,5.0,4.8,3.8,4.8,4.2,0,0,11000,16500,10000,5.4,130,300,11.5,0,4447,520,https://www.peugeot.com.tr
Peugeot,408,1.2 PureTech Allure,Sedan,Benzin,Otomatik,Tasarım/Giriş,2350000,4.8,4.5,4.0,4.2,4.2,0,0,12000,15000,9500,6.0,130,230,10.4,0,4687,536,https://www.peugeot.com.tr
Peugeot,408,1.2 PureTech GT,Sedan,Benzin,Otomatik,Tasarım/Lüks,2750000,5.0,4.5,4.0,4.5,4.2,0,0,12000,17000,10500,6.0,130,230,10.4,0,4687,536,https://www.peugeot.com.tr
Opel,Corsa,1.2 Edition,Hatchback,Benzin,Manuel,Şehir/Giriş,1150000,3.0,3.5,3.0,3.2,4.2,0,0,4500,7500,5000,5.4,75,118,13.2,0,4060,309,https://www.opel.com.tr
Opel,Corsa,1.2 Edition,Hatchback,Benzin,Otomatik,Şehir/Orta,1320000,3.5,3.8,3.2,3.5,4.2,0,0,4500,8500,5500,5.8,100,205,10.8,0,4060,309,https://www.opel.com.tr
Opel,Corsa,1.2 GS,Hatchback,Benzin,Otomatik,Şehir/Spor,1450000,4.0,4.0,3.5,3.8,4.2,0,0,4500,9000,6000,5.4,130,230,8.7,0,4060,309,https://www.opel.com.tr
Opel,Corsa,1.2 Ultimate,Hatchback,Benzin,Otomatik,Şehir/Lüks,1580000,4.5,4.2,3.5,4.0,4.2,0,0,4500,9500,6500,5.4,130,230,8.7,0,4060,309,https://www.opel.com.tr
Opel,Astra,1.2 Edition,Hatchback,Benzin,Otomatik,Genç/Giriş,1750000,4.0,4.5,3.5,4.0,4.0,0,0,8500,11000,8000,6.0,130,230,9.7,0,4374,422,https://www.opel.com.tr
Opel,Astra,1.2 GS,Hatchback,Benzin,Otomatik,Genç/Spor,2050000,4.5,4.5,3.8,4.2,4.0,0,0,8500,12500,9000,6.0,130,230,9.7,0,4374,422,https://www.opel.com.tr
Opel,Astra,1.2 Ultimate,Hatchback,Benzin,Otomatik,Genç/Lüks,2250000,4.8,4.8,3.8,4.5,4.0,0,0,8500,13500,9500,6.0,130,230,9.7,0,4374,422,https://www.opel.com.tr
Opel,Mokka,1.2 Elegance,SUV,Benzin,Otomatik,Tarz/Orta,1750000,4.0,4.2,3.5,3.8,4.0,0,0,8000,11000,7500,6.0,130,230,9.2,0,4151,350,https://www.opel.com.tr
Opel,Mokka,1.2 GS,SUV,Benzin,Otomatik,Tarz/Spor,1880000,4.2,4.2,3.8,4.0,4.0,0,0,8000,12000,8000,6.0,130,230,9.2,0,4151,350,https://www.opel.com.tr
Opel,Mokka,1.2 Ultimate,SUV,Benzin,Otomatik,Tarz/Lüks,2050000,4.5,4.5,3.8,4.2,4.0,0,0,8000,13000,8500,6.0,130,230,9.2,0,4151,350,https://www.opel.com.tr
Volkswagen,Polo,1.0 TSI Life,Hatchback,Benzin,Manuel,Şehir/Giriş,1350000,3.5,4.0,3.0,3.5,4.5,0,0,5000,8500,6000,5.4,95,175,10.8,0,4074,351,https://www.vw.com.tr
Volkswagen,Polo,1.0 TSI Life DSG,Hatchback,Benzin,Otomatik,Şehir/Konfor,1550000,3.8,4.0,3.0,3.8,4.5,0,0,5000,9500,6500,5.6,95,175,11.3,0,4074,351,https://www.vw.com.tr
Volkswagen,Polo,1.0 TSI Style DSG,Hatchback,Benzin,Otomatik,Şehir/Lüks,1750000,4.2,4.2,3.0,4.0,4.5,0,0,5000,10500,7000,5.6,95,175,11.3,0,4074,351,https://www.vw.com.tr
Volkswagen,Golf,1.0 TSI Impression,Hatchback,Benzin,Manuel,Şehir/Baz,1700000,3.5,4.0,3.0,4.0,4.8,0,0,9000,11000,7500,5.4,110,200,10.2,0,4284,380,https://www.vw.com.tr
Volkswagen,Golf,1.0 eTSI Life,Hatchback,Hibrit,Otomatik,Şehir/Orta,2150000,4.2,4.5,3.5,4.2,4.8,0,0,9000,13000,8500,5.5,110,200,10.2,0,4284,380,https://www.vw.com.tr
Volkswagen,Golf,1.0 eTSI Style,Hatchback,Hibrit,Otomatik,Şehir/Lüks,2450000,4.5,4.8,3.5,4.5,4.8,0,0,9000,14500,9000,5.5,110,200,10.2,0,4284,380,https://www.vw.com.tr
Volkswagen,Golf,1.0 eTSI R-Line,Hatchback,Hibrit,Otomatik,Şehir/Spor,2550000,4.5,4.8,3.5,4.5,4.8,0,0,9000,15000,9500,5.5,110,200,10.2,0,4284,380,https://www.vw.com.tr
Volkswagen,T-Roc,1.5 TSI Life,SUV,Benzin,Otomatik,Şehir/Orta,2350000,4.2,4.8,4.0,4.2,4.8,0,0,10000,14000,9500,6.5,150,250,8.6,0,4236,445,https://www.vw.com.tr
Volkswagen,T-Roc,1.5 TSI Style,SUV,Benzin,Otomatik,Şehir/Lüks,2550000,4.5,4.8,4.0,4.5,4.8,0,0,10000,15500,10000,6.5,150,250,8.6,0,4236,445,https://www.vw.com.tr
Volkswagen,T-Roc,1.5 TSI R-Line,SUV,Benzin,Otomatik,Şehir/Spor,2750000,4.8,4.8,4.0,4.5,4.8,0,0,10000,16500,10500,6.5,150,250,8.6,0,4236,445,https://www.vw.com.tr
Volkswagen,Tiguan,1.5 TSI Life,SUV,Benzin,Otomatik,Aile/Orta,2850000,4.5,4.8,4.0,4.5,4.5,0,0,13000,17500,11000,6.8,150,250,9.2,0,4509,615,https://www.vw.com.tr
Volkswagen,Tiguan,1.5 TSI Elegance,SUV,Benzin,Otomatik,Aile/Lüks,3350000,4.8,5.0,4.0,4.8,4.5,0,0,13000,19500,12000,6.8,150,250,9.2,0,4509,615,https://www.vw.com.tr
Volkswagen,Tiguan,1.5 TSI R-Line,SUV,Benzin,Otomatik,Aile/Spor,3550000,4.8,5.0,4.0,4.8,4.5,0,0,13000,21000,12500,6.8,150,250,9.2,0,4509,615,https://www.vw.com.tr
Skoda,Fabia,1.0 TSI Elite,Hatchback,Benzin,Otomatik,Şehir/Giriş,1350000,3.5,3.8,2.8,3.5,4.2,0,0,4500,8000,5500,5.5,110,200,9.9,0,4108,380,https://www.skoda.com.tr
Skoda,Fabia,1.0 TSI Premium,Hatchback,Benzin,Otomatik,Şehir/Konfor,1500000,4.0,4.0,2.8,3.8,4.2,0,0,4500,9000,6000,5.5,110,200,9.9,0,4108,380,https://www.skoda.com.tr
Skoda,Scala,1.0 TSI Elite,Hatchback,Benzin,Otomatik,Şehir/Geniş,1550000,3.8,4.0,3.0,3.8,4.0,0,0,5000,9500,6500,5.8,110,200,10.1,0,4362,467,https://www.skoda.com.tr
Skoda,Scala,1.0 TSI Premium,Hatchback,Benzin,Otomatik,Şehir/Lüks,1700000,4.2,4.2,3.0,4.0,4.0,0,0,5000,10500,7000,5.8,110,200,10.1,0,4362,467,https://www.skoda.com.tr
Skoda,Kamiq,1.0 TSI Elite,SUV,Benzin,Otomatik,Şehir/Giriş,1620000,3.8,4.0,3.2,4.0,4.2,0,0,5500,10000,7000,6.0,110,200,10.2,0,4241,400,https://www.skoda.com.tr
Skoda,Kamiq,1.0 TSI Premium,SUV,Benzin,Otomatik,Şehir/Orta,1780000,4.2,4.2,3.2,4.2,4.2,0,0,5500,11000,7500,6.0,110,200,10.2,0,4241,400,https://www.skoda.com.tr
Skoda,Kamiq,1.5 TSI Premium,SUV,Benzin,Otomatik,Şehir/Güçlü,1950000,4.5,4.5,4.0,4.2,4.2,0,0,7000,12000,8000,6.1,150,250,8.3,0,4241,400,https://www.skoda.com.tr
Skoda,Octavia,1.0 e-Tec Elite,Sedan,Hibrit,Otomatik,Aile/Giriş,1950000,4.0,4.5,3.2,4.2,4.5,0,0,9000,12000,8000,5.2,110,200,10.5,0,4689,600,https://www.skoda.com.tr
Skoda,Octavia,1.5 e-Tec Premium,Sedan,Hibrit,Otomatik,Aile/Orta,2200000,4.2,4.5,3.8,4.5,4.5,0,0,9000,13500,9000,5.5,150,250,8.5,0,4689,600,https://www.skoda.com.tr
Skoda,Octavia,1.5 e-Tec Prestige,Sedan,Hibrit,Otomatik,Aile/Lüks,2550000,4.5,4.8,3.8,4.8,4.5,0,0,9000,15500,10000,5.5,150,250,8.5,0,4689,600,https://www.skoda.com.tr
Skoda,Superb,1.5 TSI Elite,Sedan,Benzin,Otomatik,Makam/Giriş,2450000,4.2,4.8,4.0,4.8,4.5,0,0,12000,16000,10000,6.0,150,250,9.0,0,4869,625,https://www.skoda.com.tr
Skoda,Superb,1.5 TSI Premium,Sedan,Benzin,Otomatik,Makam/Orta,2750000,4.5,4.8,4.0,5.0,4.5,0,0,12000,17500,11000,6.0,150,250,9.0,0,4869,625,https://www.skoda.com.tr
Skoda,Superb,1.5 TSI Prestige,Sedan,Benzin,Otomatik,Makam/Lüks,3150000,4.8,5.0,4.0,5.0,4.5,0,0,12000,19500,12000,6.0,150,250,9.0,0,4869,625,https://www.skoda.com.tr
Skoda,Kodiaq,1.5 TSI Elite,SUV,Benzin,Otomatik,Büyük Aile/Giriş,2650000,4.2,4.8,4.0,4.5,4.5,0,0,14000,17000,11000,6.8,150,250,9.6,0,4697,835,https://www.skoda.com.tr
Skoda,Kodiaq,1.5 TSI Premium,SUV,Benzin,Otomatik,Büyük Aile/Orta,2950000,4.5,4.8,4.0,4.8,4.5,0,0,14000,19000,12000,6.8,150,250,9.6,0,4697,835,https://www.skoda.com.tr
Skoda,Kodiaq,1.5 TSI Prestige,SUV,Benzin,Otomatik,Büyük Aile/Lüks,3350000,4.8,5.0,4.0,5.0,4.5,0,0,14000,21000,13000,6.8,150,250,9.6,0,4697,835,https://www.skoda.com.tr
Nissan,Juke,1.0 DIG-T Tekna,SUV,Benzin,Otomatik,Şehir/Giriş,1450000,3.8,4.2,3.0,3.8,4.0,0,0,5000,9000,6500,6.2,115,200,11.8,0,4210,422,https://www.nissan.com.tr
Nissan,Juke,1.0 DIG-T Platinum,SUV,Benzin,Otomatik,Şehir/Lüks,1650000,4.2,4.5,3.0,4.0,4.0,0,0,5000,10000,7500,6.2,115,200,11.8,0,4210,422,https://www.nissan.com.tr
Nissan,Qashqai,1.3 DIG-T Tekna,SUV,Benzin,Otomatik,Aile/Giriş,2050000,4.0,4.8,3.8,4.2,4.5,0,0,9500,13000,9000,6.5,158,270,9.5,0,4425,504,https://www.nissan.com.tr
Nissan,Qashqai,1.3 DIG-T Skypack,SUV,Benzin,Otomatik,Aile/Orta,2250000,4.2,4.8,3.8,4.5,4.5,0,0,9500,14000,9500,6.5,158,270,9.5,0,4425,504,https://www.nissan.com.tr
Nissan,Qashqai,1.3 DIG-T Platinum Premium,SUV,Benzin,Otomatik,Aile/Lüks,2550000,4.5,5.0,3.8,4.8,4.5,0,0,9500,15500,10500,6.5,158,270,9.5,0,4425,504,https://www.nissan.com.tr
Nissan,Qashqai,e-Power Skypack,SUV,Hibrit,Otomatik,Aile/Hibrit,2650000,4.5,4.8,4.0,4.5,4.2,0,0,9500,16000,11000,5.4,190,330,7.9,0,4425,504,https://www.nissan.com.tr
Nissan,Qashqai,e-Power Platinum,SUV,Hibrit,Otomatik,Aile/Hibrit Lüks,2950000,4.8,5.0,4.0,4.8,4.2,0,0,9500,17500,12000,5.4,190,330,7.9,0,4425,504,https://www.nissan.com.tr
Nissan,X-Trail,1.5 VC-Turbo Skypack,SUV,Benzin,Otomatik,Aile/4x4 Giriş,3250000,4.5,5.0,4.2,4.5,4.0,0,0,16000,20000,13000,7.2,163,300,9.6,0,4680,575,https://www.nissan.com.tr
Nissan,X-Trail,1.5 VC-Turbo Platinum,SUV,Benzin,Otomatik,Aile/4x4 Lüks,3550000,4.8,5.0,4.2,4.8,4.0,0,0,16000,22000,14000,7.2,163,300,9.6,0,4680,575,https://www.nissan.com.tr
Nissan,X-Trail,e-4ORCE Skypack,SUV,Hibrit,Otomatik,Aile/Elektrikli 4x4,3750000,4.8,5.0,4.5,4.8,4.0,0,0,16000,23000,15000,6.5,213,330,7.0,0,4680,575,https://www.nissan.com.tr
Nissan,X-Trail,e-4ORCE Platinum Premium,SUV,Hibrit,Otomatik,Aile/Full,4150000,5.0,5.0,4.5,5.0,4.0,0,0,16000,25000,16000,6.5,213,330,7.0,0,4680,575,https://www.nissan.com.tr
Honda,City,1.5 Elegance,Sedan,Benzin,Otomatik,Şehir/Giriş,1350000,3.5,3.8,3.0,3.5,4.5,0,0,6000,8500,6000,6.2,121,145,10.5,0,4553,519,https://www.honda.com.tr
Honda,City,1.5 Executive,Sedan,Benzin,Otomatik,Şehir/Dolu,1480000,3.8,4.0,3.0,3.8,4.5,0,0,6000,9000,6500,6.2,121,145,10.5,0,4553,519,https://www.honda.com.tr
Honda,Civic,1.5 VTEC Turbo Elegance,Sedan,Benzin,Otomatik,Aile/Giriş,2150000,4.2,4.5,4.0,4.2,4.8,0,0,9500,13000,8500,6.5,182,240,7.8,0,4677,512,https://www.honda.com.tr
Honda,Civic,1.5 VTEC Turbo Executive+,Sedan,Benzin,Otomatik,Aile/Dolu,2350000,4.5,4.8,4.0,4.5,4.8,0,0,9500,14500,9500,6.5,182,240,7.8,0,4677,512,https://www.honda.com.tr
Honda,HR-V,e:HEV Elegance,SUV,Hibrit,Otomatik,Şehir/Hibrit,2050000,4.2,4.5,3.5,4.0,4.2,0,0,6500,12500,8500,5.4,131,253,10.6,0,4340,335,https://www.honda.com.tr
Honda,HR-V,e:HEV Advance,SUV,Hibrit,Otomatik,Şehir/Hibrit Lüks,2250000,4.5,4.8,3.5,4.2,4.2,0,0,6500,13500,9500,5.4,131,253,10.6,0,4340,335,https://www.honda.com.tr
Honda,HR-V,e:HEV Style,SUV,Hibrit,Otomatik,Şehir/Hibrit Stil,2350000,4.8,4.8,3.5,4.2,4.2,0,0,6500,14000,10000,5.4,131,253,10.6,0,4340,335,https://www.honda.com.tr
Honda,ZR-V,e:HEV Advance,SUV,Hibrit,Otomatik,Aile/Hibrit Performans,2950000,4.8,5.0,4.0,4.8,4.0,0,0,10000,17000,11000,5.8,184,315,8.0,0,4568,380,https://www.honda.com.tr
Honda,CR-V,e:HEV Advance,SUV,Hibrit,Otomatik,Aile/Lüks Hibrit,4250000,5.0,5.0,4.2,5.0,4.2,0,0,18000,25000,15000,5.5,184,335,9.0,0,4600,520,https://www.honda.com.tr
Togg,T10X,V1 RWD Standart Menzil,SUV,Elektrikli,Otomatik,Aile/Giriş,1800000,4.5,5.0,4.0,4.2,4.5,16.7,4.0,9000,12000,4000,0,218,350,7.8,314,4600,441,https://www.togg.com.tr
Togg,T10X,V2 RWD Standart Menzil,SUV,Elektrikli,Otomatik,Aile/Dolu,2050000,4.8,5.0,4.0,4.5,4.8,16.7,4.0,9000,13500,4500,0,218,350,7.8,314,4600,441,https://www.togg.com.tr
Togg,T10X,V2 RWD Uzun Menzil,SUV,Elektrikli,Otomatik,Menzil/Lüks,2400000,4.8,5.0,4.2,4.5,4.8,16.9,4.0,12000,16000,5000,0,218,350,7.8,523,4600,441,https://www.togg.com.tr
Tesla,Model Y,RWD,SUV,Elektrikli,Otomatik,Teknoloji/Giriş,2300000,5.0,5.0,4.8,4.5,4.8,15.7,4.5,12000,16000,3500,0,299,420,7.5,455,4750,854,https://www.tesla.com/tr_tr
Tesla,Model Y,Long Range AWD,SUV,Elektrikli,Otomatik,Performans/Menzil,3700000,5.0,5.0,5.0,4.5,4.8,16.9,4.5,18000,24000,4500,0,514,493,5.0,533,4750,854,https://www.tesla.com/tr_tr
Tesla,Model Y,Performance AWD,SUV,Elektrikli,Otomatik,Spor/Hız,4100000,5.0,5.0,5.0,4.2,4.8,17.5,4.5,18000,26000,5000,0,534,660,3.7,514,4750,854,https://www.tesla.com/tr_tr
BYD,Atto 3,Design,SUV,Elektrikli,Otomatik,Aile/Elektrik,1900000,4.5,5.0,4.0,4.5,4.0,15.6,4.0,8000,12000,4000,0,204,310,7.3,420,4455,440,https://www.byd.com.tr
BYD,Seal U,DM-i Design,SUV,Plug-in Hibrit,Otomatik,Menzil/Giriş,2500000,4.8,5.0,4.2,4.8,4.0,18.0,4.2,11000,16000,6000,1.0,218,300,8.9,80,4775,552,https://www.byd.com.tr
BYD,Han,Executive,Sedan,Elektrikli,Otomatik,Lüks/Performans,4500000,5.0,5.0,5.0,5.0,3.8,18.5,4.5,20000,28000,8000,0,517,700,3.9,521,4995,410,https://www.byd.com.tr
MG,ZS,1.5 Comfort,SUV,Benzin,Manuel,Aile/Ekonomik,1350000,3.8,4.0,3.2,3.5,3.8,0,0,5000,8500,5500,6.6,106,141,10.9,0,4323,448,https://www.mg-turkey.com
MG,ZS,1.0 T-GDI Luxury,SUV,Benzin,Otomatik,Aile/Konfor,1650000,4.2,4.0,3.5,3.8,3.8,0,0,5000,9500,6000,7.2,111,160,12.4,0,4323,448,https://www.mg-turkey.com
MG,HS,1.5 T-GDI Comfort,SUV,Benzin,Otomatik,Aile/Geniş,1850000,4.2,4.8,4.0,4.2,4.0,0,0,8500,11500,7000,7.6,162,250,9.9,0,4574,463,https://www.mg-turkey.com
MG,HS,1.5 T-GDI Luxury,SUV,Benzin,Otomatik,Aile/Lüks,2050000,4.5,5.0,4.0,4.5,4.0,0,0,8500,12500,7500,7.6,162,250,9.9,0,4574,463,https://www.mg-turkey.com
MG,MG4,Comfort,Hatchback,Elektrikli,Otomatik,Genç/Elektrik,1650000,4.2,5.0,4.5,4.0,4.0,16.0,4.0,8000,10500,3500,0,170,250,7.7,350,4287,363,https://www.mg-turkey.com
MG,MG4,Luxury,Hatchback,Elektrikli,Otomatik,Genç/Menzil,1850000,4.5,5.0,4.8,4.2,4.0,16.0,4.0,8000,11500,4000,0,204,250,7.9,435,4287,363,https://www.mg-turkey.com
Mercedes-Benz,A Serisi,A200 AMG,Hatchback,Benzin,Otomatik,Genç/Premium,2850000,4.8,4.8,4.0,4.2,4.8,0,0,10000,17000,9000,6.0,163,250,8.2,0,4419,355,https://www.mercedes-benz.com.tr
Mercedes-Benz,A Serisi,A200 Sedan AMG,Sedan,Benzin,Otomatik,Genç/Sedan,2950000,4.8,4.8,4.0,4.5,4.8,0,0,10000,17500,9500,6.0,163,250,8.3,0,4549,405,https://www.mercedes-benz.com.tr
Mercedes-Benz,CLA,200 AMG,Sedan,Benzin,Otomatik,Genç/Stil,3500000,5.0,4.8,4.0,4.5,4.8,0,0,18000,21000,11000,6.5,163,250,8.2,0,4688,460,https://www.mercedes-benz.com.tr
Mercedes-Benz,GLA,200 Progressive,SUV,Benzin,Otomatik,Şehir/Lüks,3250000,4.8,4.8,4.0,4.5,4.5,0,0,16000,19000,10000,6.8,163,250,8.7,0,4410,435,https://www.mercedes-benz.com.tr
Mercedes-Benz,GLB,200 Progressive,SUV,Benzin,Otomatik,Aile/7 Kişilik Premium,3550000,4.8,5.0,4.0,4.8,4.5,0,0,16000,21000,11000,7.5,163,250,9.7,0,4634,570,https://www.mercedes-benz.com.tr
Mercedes-Benz,C Serisi,C200 4MATIC Avantgarde,Sedan,Benzin,Otomatik,Lüks/Konfor,4100000,5.0,5.0,4.5,5.0,5.0,0,0,25000,28000,14000,7.2,204,300,7.1,0,4751,455,https://www.mercedes-benz.com.tr
Mercedes-Benz,C Serisi,C200 4MATIC AMG,Sedan,Benzin,Otomatik,Lüks/Spor,4350000,5.0,5.0,4.5,5.0,5.0,0,0,25000,29500,15000,7.2,204,300,7.1,0,4751,455,https://www.mercedes-benz.com.tr
Mercedes-Benz,E Serisi,E180 Exclusive,Sedan,Benzin,Otomatik,Makam/Prestij,5500000,5.0,5.0,4.5,5.0,4.8,0,0,30000,38000,20000,7.5,170,250,8.9,0,4935,540,https://www.mercedes-benz.com.tr
Mercedes-Benz,E Serisi,E220d 4MATIC Exclusive,Sedan,Dizel,Otomatik,Makam/Dizel,6800000,5.0,5.0,4.8,5.0,4.8,0,0,40000,45000,25000,5.5,197,440,7.6,0,4935,540,https://www.mercedes-benz.com.tr
Mercedes-Benz,EQA,250+,SUV,Elektrikli,Otomatik,Şehir/Elektrik Lüks,3200000,4.8,5.0,4.0,4.8,4.5,16.5,5.0,16000,19000,6000,0,190,385,8.6,530,4463,340,https://www.mercedes-benz.com.tr
Mercedes-Benz,EQB,250+,SUV,Elektrikli,Otomatik,Aile/Elektrik 7 Kişilik,3450000,4.8,5.0,4.0,4.8,4.2,17.0,5.0,17000,20000,6500,0,190,385,8.9,480,4684,495,https://www.mercedes-benz.com.tr
Mercedes-Benz,EQE,350+ AMG,Sedan,Elektrikli,Otomatik,Lüks/Elektrik,5200000,5.0,5.0,4.5,5.0,4.5,16.8,5.5,25000,32000,8000,0,292,565,6.4,613,4946,430,https://www.mercedes-benz.com.tr
BMW,1 Serisi,118i Sport Line,Hatchback,Benzin,Otomatik,Genç/Premium,2650000,4.2,4.5,3.8,4.2,4.8,0,0,9000,15500,9000,6.0,136,220,8.9,0,4319,380,https://www.bmw.com.tr
BMW,1 Serisi,118i M Sport,Hatchback,Benzin,Otomatik,Genç/Spor,2850000,4.5,4.5,3.8,4.0,4.8,0,0,9000,16500,9500,6.0,136,220,8.9,0,4319,380,https://www.bmw.com.tr
BMW,2 Serisi Gran Coupe,218i Sport Line,Sedan,Benzin,Otomatik,Genç/Stil,2750000,4.5,4.5,3.8,4.2,4.8,0,0,9000,16000,9000,6.0,136,220,9.1,0,4526,430,https://www.bmw.com.tr
BMW,2 Serisi Gran Coupe,218i M Sport,Sedan,Benzin,Otomatik,Genç/Spor Sedan,2950000,4.8,4.5,3.8,4.0,4.8,0,0,9000,17000,9500,6.0,136,220,9.1,0,4526,430,https://www.bmw.com.tr
BMW,3 Serisi,320i Sedan Sport Line,Sedan,Benzin,Otomatik,Lüks/Giriş,4050000,5.0,5.0,4.8,4.8,5.0,0,0,24000,28000,13000,7.5,170,250,7.4,0,4713,480,https://www.bmw.com.tr
BMW,3 Serisi,320i Sedan M Sport,Sedan,Benzin,Otomatik,Lüks/Spor,4300000,5.0,5.0,4.8,4.8,5.0,0,0,24000,29500,14000,7.5,170,250,7.4,0,4713,480,https://www.bmw.com.tr
BMW,4 Serisi Gran Coupe,420i M Sport,Sedan,Benzin,Otomatik,Tasarım/Coupe,4800000,5.0,5.0,4.8,4.5,4.8,0,0,25000,32000,15000,7.5,170,250,7.9,0,4783,470,https://www.bmw.com.tr
BMW,5 Serisi,520d xDrive Luxury Line,Sedan,Dizel,Otomatik,Makam/Konfor,6500000,5.0,5.0,4.8,5.0,4.8,0,0,35000,42000,20000,5.6,197,400,7.3,0,5060,520,https://www.bmw.com.tr
BMW,5 Serisi,520d xDrive M Sport,Sedan,Dizel,Otomatik,Makam/Spor,6800000,5.0,5.0,4.8,5.0,4.8,0,0,35000,44000,21000,5.6,197,400,7.3,0,5060,520,https://www.bmw.com.tr
BMW,X1,sDrive18i X-Line,SUV,Benzin,Otomatik,Aile/Premium,3200000,4.5,4.8,3.8,4.5,4.8,0,0,15000,20000,10000,6.5,136,230,9.2,0,4500,540,https://www.bmw.com.tr
BMW,X1,sDrive18i M Sport,SUV,Benzin,Otomatik,Aile/Spor,3400000,4.8,4.8,3.8,4.2,4.8,0,0,15000,21000,10500,6.5,136,230,9.2,0,4500,540,https://www.bmw.com.tr
BMW,iX1,xDrive30 X-Line,SUV,Elektrikli,Otomatik,Aile/Elektrikli,3850000,5.0,5.0,4.8,4.5,4.5,18.0,5.0,20000,26000,7000,0,313,494,5.6,440,4500,490,https://www.bmw.com.tr
BMW,iX1,xDrive30 M Sport,SUV,Elektrikli,Otomatik,Aile/Spor Elektrik,4050000,5.0,5.0,4.8,4.5,4.5,18.0,5.0,20000,27000,7500,0,313,494,5.6,440,4500,490,https://www.bmw.com.tr
BMW,i4,eDrive40 M Sport,Sedan,Elektrikli,Otomatik,Performans/Elektrik,4600000,5.0,5.0,5.0,4.8,4.2,17.5,5.5,22000,30000,8000,0,340,430,5.7,590,4783,470,https://www.bmw.com.tr
Audi,A3 Sportback,35 TFSI Advanced,Hatchback,Benzin,Otomatik,Premium/Pratik,2300000,4.2,4.8,4.0,4.5,4.8,0,0,9000,14000,8500,5.8,150,250,8.4,0,4343,380,https://www.audi.com.tr
Audi,A3 Sportback,35 TFSI S Line,Hatchback,Benzin,Otomatik,Premium/Spor,2500000,4.5,4.8,4.0,4.2,4.8,0,0,9000,15000,9000,5.8,150,250,8.4,0,4343,380,https://www.audi.com.tr
Audi,A3 Sedan,35 TFSI Advanced,Sedan,Benzin,Otomatik,Premium/Konfor,2400000,4.2,4.8,4.0,4.5,4.8,0,0,9000,14500,8500,5.8,150,250,8.4,0,4495,425,https://www.audi.com.tr
Audi,A3 Sedan,35 TFSI S Line,Sedan,Benzin,Otomatik,Premium/Stil,2600000,4.5,4.8,4.0,4.2,4.8,0,0,9000,15500,9000,5.8,150,250,8.4,0,4495,425,https://www.audi.com.tr
Audi,A4 Sedan,40 TDI Advanced,Sedan,Dizel,Otomatik,Kurumsal/Konfor,3800000,4.5,5.0,4.5,4.8,4.2,0,0,20000,25000,13000,5.5,204,400,7.4,0,4762,460,https://www.audi.com.tr
Audi,A4 Sedan,40 TDI S Line,Sedan,Dizel,Otomatik,Kurumsal/Spor,4100000,4.8,5.0,4.5,4.5,4.2,0,0,20000,27000,14000,5.5,204,400,7.4,0,4762,460,https://www.audi.com.tr
Audi,A5 Sportback,40 TDI Advanced,Sedan,Dizel,Otomatik,Tasarım/Konfor,4400000,4.8,5.0,4.5,4.8,4.0,0,0,22000,30000,15000,5.9,204,400,7.0,0,4757,465,https://www.audi.com.tr
Audi,A5 Sportback,40 TDI S Line,Sedan,Dizel,Otomatik,Tasarım/Spor,4700000,5.0,5.0,4.5,4.5,4.0,0,0,22000,32000,16000,5.9,204,400,7.0,0,4757,465,https://www.audi.com.tr
Audi,A6 Sedan,40 TDI Advanced,Sedan,Dizel,Otomatik,Makam/Konfor,5800000,5.0,5.0,4.5,5.0,4.5,0,0,30000,40000,18000,5.8,204,400,8.1,0,4939,530,https://www.audi.com.tr
Audi,A6 Sedan,40 TDI S Line,Sedan,Dizel,Otomatik,Makam/Spor,6200000,5.0,5.0,4.5,4.8,4.5,0,0,30000,42000,19000,5.8,204,400,8.1,0,4939,530,https://www.audi.com.tr
Audi,Q2,35 TFSI Advanced,SUV,Benzin,Otomatik,Şehir/Premium,2200000,4.0,4.5,3.8,4.0,4.5,0,0,8000,13000,8000,6.0,150,250,8.6,0,4208,405,https://www.audi.com.tr
Audi,Q2,35 TFSI S Line,SUV,Benzin,Otomatik,Şehir/Spor,2400000,4.2,4.5,3.8,3.8,4.5,0,0,8000,14000,8500,6.0,150,250,8.6,0,4208,405,https://www.audi.com.tr
Audi,Q3,35 TFSI Advanced,SUV,Benzin,Otomatik,Aile/Konfor,3000000,4.5,4.8,4.0,4.5,4.2,0,0,12000,18000,10000,6.5,150,250,9.4,0,4485,530,https://www.audi.com.tr
Audi,Q3,35 TFSI S Line,SUV,Benzin,Otomatik,Aile/Spor,3200000,4.8,4.8,4.0,4.2,4.2,0,0,12000,19000,10500,6.5,150,250,9.4,0,4485,530,https://www.audi.com.tr
Audi,Q8 e-tron,55 Quattro Advanced,SUV,Elektrikli,Otomatik,Lüks/Konfor,7500000,5.0,5.0,5.0,5.0,4.0,22.0,6.0,35000,45000,10000,0,408,664,5.6,530,4915,569,https://www.audi.com.tr
Audi,Q8 e-tron,55 Quattro S Line,SUV,Elektrikli,Otomatik,Lüks/Spor,8000000,5.0,5.0,5.0,4.8,4.0,22.0,6.0,35000,48000,12000,0,408,664,5.6,530,4915,569,https://www.audi.com.tr
Volvo,XC40,T2 Momentum,SUV,Benzin,Otomatik,Güvenlik/Giriş,2850000,4.5,5.0,3.8,4.5,4.5,0,0,14000,18000,10000,7.0,129,245,10.9,0,4425,452,https://www.volvocars.com/tr
Volvo,XC40,T2 R-Design,SUV,Benzin,Otomatik,Güvenlik/Spor,3100000,4.8,5.0,3.8,4.2,4.5,0,0,14000,20000,11000,7.0,129,245,10.9,0,4425,452,https://www.volvocars.com/tr
Volvo,XC40,T2 Inscription,SUV,Benzin,Otomatik,Güvenlik/Konfor,3100000,4.8,5.0,3.8,4.8,4.5,0,0,14000,20000,11000,7.0,129,245,10.9,0,4425,452,https://www.volvocars.com/tr
Volvo,C40 Recharge,Single Motor,SUV,Elektrikli,Otomatik,Tasarım/Giriş,2600000,4.8,5.0,4.5,4.5,4.0,17.0,4.0,10000,16000,4000,0,238,420,7.4,470,4440,413,https://www.volvocars.com/tr
Volvo,C40 Recharge,Twin Motor,SUV,Elektrikli,Otomatik,Performans/Lüks,3200000,5.0,5.0,5.0,4.5,4.0,18.5,4.5,12000,20000,5000,0,408,660,4.7,450,4440,413,https://www.volvocars.com/tr
Volvo,XC60,B5 AWD Plus,SUV,Dizel,Otomatik,Aile/Lüks,5200000,5.0,5.0,4.5,5.0,4.5,0,0,22000,32000,15000,6.5,235,480,7.1,0,4688,483,https://www.volvocars.com/tr
Volvo,XC60,B5 AWD Ultimate,SUV,Dizel,Otomatik,Aile/Full,5800000,5.0,5.0,4.5,5.0,4.5,0,0,22000,35000,16000,6.5,235,480,7.1,0,4688,483,https://www.volvocars.com/tr
Volvo,XC90,B5 AWD Plus,SUV,Dizel,Otomatik,Lüks/7 Kişilik,7500000,5.0,5.0,4.5,5.0,4.5,0,0,35000,45000,22000,7.0,235,480,7.6,0,4953,692,https://www.volvocars.com/tr
Volvo,XC90,B5 AWD Ultimate,SUV,Dizel,Otomatik,Lüks/Full,8200000,5.0,5.0,4.5,5.0,4.5,0,0,35000,48000,24000,7.0,235,480,7.6,0,4953,692,https://www.volvocars.com/tr
Land Rover,Defender,110 P300 S,SUV,Benzin,Otomatik,Arazi/Giriş,8500000,5.0,5.0,4.8,4.5,4.8,0,0,40000,50000,25000,11.5,300,400,7.4,0,5018,857,https://www.landrover.com.tr
Land Rover,Defender,110 P300 SE,SUV,Benzin,Otomatik,Arazi/Orta,9200000,5.0,5.0,4.8,4.8,4.8,0,0,40000,55000,28000,11.5,300,400,7.4,0,5018,857,https://www.landrover.com.tr
Land Rover,Defender,110 P300 HSE,SUV,Benzin,Otomatik,Arazi/Lüks,10000000,5.0,5.0,4.8,5.0,4.8,0,0,40000,60000,30000,11.5,300,400,7.4,0,5018,857,https://www.landrover.com.tr
Land Rover,Range Rover Evoque,P250 SE,SUV,Benzin,Otomatik,Şehir/Lüks,5500000,4.8,5.0,4.2,4.8,4.2,0,0,20000,35000,18000,8.5,249,365,7.6,0,4371,591,https://www.landrover.com.tr
Land Rover,Range Rover Evoque,P250 R-Dynamic SE,SUV,Benzin,Otomatik,Şehir/Spor,5800000,4.8,5.0,4.2,4.5,4.2,0,0,20000,37000,19000,8.5,249,365,7.6,0,4371,591,https://www.landrover.com.tr
Porsche,Macan,2.0,SUV,Benzin,Otomatik,Spor/Giriş,6800000,5.0,5.0,4.8,4.5,4.8,0,0,25000,35000,18000,9.0,265,400,6.2,0,4726,488,https://www.porsche.com/turkey/
Porsche,Macan,T,SUV,Benzin,Otomatik,Spor/Hafif,7200000,5.0,5.0,4.8,4.2,4.8,0,0,25000,38000,20000,9.0,265,400,6.2,0,4726,488,https://www.porsche.com/turkey/
Porsche,Macan,S,SUV,Benzin,Otomatik,Spor/Güçlü,8500000,5.0,5.0,5.0,4.5,4.8,0,0,30000,45000,25000,9.5,380,520,4.6,0,4726,488,https://www.porsche.com/turkey/
Porsche,Taycan,4S,Sedan,Elektrikli,Otomatik,Spor/Elektrik,10500000,5.0,5.0,5.0,4.8,4.5,20.0,6.0,50000,60000,15000,0,530,640,4.0,500,4963,407,https://www.porsche.com/turkey/
Porsche,Taycan,Turbo,Sedan,Elektrikli,Otomatik,Spor/Hiper,13500000,5.0,5.0,5.0,4.8,4.5,22.0,6.5,50000,80000,20000,0,680,850,3.2,450,4963,366,https://www.porsche.com/turkey/
Cupra,Formentor,1.5 TSI,SUV,Benzin,Otomatik,Tasarım/Giriş,2450000,4.8,4.8,4.2,4.0,4.2,0,0,12000,16000,9000,6.8,150,250,8.9,0,4450,450,https://www.cupraofficial.com.tr
Cupra,Formentor,1.5 TSI VZ-Line,SUV,Benzin,Otomatik,Tasarım/Spor,2650000,5.0,4.8,4.2,4.0,4.2,0,0,12000,17500,10000,6.8,150,250,8.9,0,4450,450,https://www.cupraofficial.com.tr
Cupra,Leon,1.5 eTSI,Hatchback,Hibrit,Otomatik,Spor/Giriş,2100000,4.5,4.5,4.0,4.0,3.8,0,0,9000,14000,8000,6.0,150,250,8.7,0,4398,380,https://www.cupraofficial.com.tr
Cupra,Leon,1.5 eTSI VZ-Line,Hatchback,Hibrit,Otomatik,Spor/Dolu,2300000,4.8,4.5,4.0,4.0,3.8,0,0,9000,15500,9000,6.0,150,250,8.7,0,4398,380,https://www.cupraofficial.com.tr
Cupra,Ateca,1.5 TSI,SUV,Benzin,Otomatik,Aile/Spor,2550000,4.5,4.8,4.0,4.2,4.0,0,0,10000,16000,9500,6.5,150,250,8.6,0,4381,485,https://www.cupraofficial.com.tr
Seat,Ibiza,1.0 EcoTSI Style,Hatchback,Benzin,Otomatik,Şehir/Giriş,1450000,3.8,4.0,3.0,3.5,4.5,0,0,5500,8500,6000,5.5,110,200,10.0,0,4059,355,https://www.seat.com.tr
Seat,Ibiza,1.0 EcoTSI FR,Hatchback,Benzin,Otomatik,Şehir/Spor,1600000,4.2,4.0,3.0,3.2,4.5,0,0,5500,9500,6500,5.5,110,200,10.0,0,4059,355,https://www.seat.com.tr
Seat,Arona,1.0 EcoTSI Style,SUV,Benzin,Otomatik,Şehir/Crossover,1550000,3.8,4.2,3.2,3.8,4.2,0,0,6000,9500,6500,6.0,110,200,10.8,0,4154,400,https://www.seat.com.tr
Seat,Arona,1.0 EcoTSI Xperience,SUV,Benzin,Otomatik,Şehir/Lüks,1700000,4.0,4.2,3.2,4.0,4.2,0,0,6000,10500,7000,6.0,110,200,10.8,0,4154,400,https://www.seat.com.tr
Seat,Arona,1.0 EcoTSI FR,SUV,Benzin,Otomatik,Şehir/Spor,1700000,4.2,4.2,3.2,3.5,4.2,0,0,6000,10500,7000,6.0,110,200,10.8,0,4154,400,https://www.seat.com.tr
Seat,Leon,1.0 eTSI Style,Hatchback,Hibrit,Otomatik,Genç/Giriş,1800000,4.0,4.5,3.5,4.0,4.2,0,0,8000,11000,7500,5.5,110,200,10.6,0,4368,380,https://www.seat.com.tr
Seat,Leon,1.0 eTSI FR,Hatchback,Hibrit,Otomatik,Genç/Spor,1950000,4.5,4.5,3.5,4.0,4.2,0,0,8000,12500,8500,5.5,110,200,10.6,0,4368,380,https://www.seat.com.tr
Seat,Ateca,1.5 TSI Xperience,SUV,Benzin,Otomatik,Aile/Konfor,2300000,4.2,4.8,4.0,4.2,4.0,0,0,9000,14000,9000,6.5,150,250,8.6,0,4381,510,https://www.seat.com.tr
Seat,Ateca,1.5 TSI FR,SUV,Benzin,Otomatik,Aile/Spor,2300000,4.5,4.8,4.0,4.0,4.0,0,0,9000,14000,9000,6.5,150,250,8.6,0,4381,510,https://www.seat.com.tr
Suzuki,Swift,1.2 Dualjet GL Techno,Hatchback,Hibrit,Otomatik,Şehir/Giriş,1350000,3.5,3.8,3.0,3.2,4.2,0,0,5000,8000,5000,5.4,83,107,12.2,0,3845,265,https://www.suzuki.com.tr
Suzuki,Swift,1.2 Dualjet GLX Premium,Hatchback,Hibrit,Otomatik,Şehir/Dolu,1450000,3.8,3.8,3.0,3.5,4.2,0,0,5000,9000,5500,5.4,83,107,12.2,0,3845,265,https://www.suzuki.com.tr
Suzuki,Vitara,1.4 Boosterjet GL Elegance,SUV,Hibrit,Otomatik,Arazi/Giriş,1750000,3.8,4.0,3.5,3.8,4.2,0,0,7000,10500,7000,5.8,129,235,10.2,0,4175,375,https://www.suzuki.com.tr
Suzuki,Vitara,1.4 Boosterjet GLX Premium,SUV,Hibrit,Otomatik,Arazi/Dolu,1950000,4.2,4.0,3.5,4.0,4.2,0,0,7000,12000,8000,5.8,129,235,10.2,0,4175,375,https://www.suzuki.com.tr
Suzuki,S-Cross,1.4 Boosterjet GL Elegance,SUV,Hibrit,Otomatik,Aile/Giriş,1850000,3.8,4.2,3.5,3.8,4.0,0,0,7500,11000,7500,6.0,129,235,10.2,0,4300,430,https://www.suzuki.com.tr
Suzuki,S-Cross,1.4 Boosterjet GLX Premium,SUV,Hibrit,Otomatik,Aile/Dolu,2050000,4.2,4.2,3.5,4.0,4.0,0,0,7500,12500,8500,6.0,129,235,10.2,0,4300,430,https://www.suzuki.com.tr
Suzuki,Jimny,1.5 GLX,SUV,Benzin,Otomatik,Arazi/Keyif,2100000,3.0,3.5,3.0,2.5,4.5,0,0,8000,12000,8000,7.5,102,130,14.0,0,3645,85,https://www.suzuki.com.tr
DS,DS 4,1.5 BlueHDi Trocadero,Hatchback,Dizel,Otomatik,Tasarım/Giriş,2500000,4.8,4.8,3.8,4.8,3.8,0,0,10000,16000,10000,4.8,130,300,10.9,0,4400,430,https://www.dsautomobiles.com.tr
DS,DS 4,1.5 BlueHDi Opera,Hatchback,Dizel,Otomatik,Tasarım/Lüks,2800000,5.0,4.8,3.8,5.0,3.8,0,0,10000,18000,11000,4.8,130,300,10.9,0,4400,430,https://www.dsautomobiles.com.tr
DS,DS 7,1.5 BlueHDi Opera,SUV,Dizel,Otomatik,Lüks/Dizel,3300000,5.0,5.0,4.0,5.0,3.5,0,0,12000,22000,13000,5.6,130,300,11.9,0,4573,555,https://www.dsautomobiles.com.tr
DS,DS 7,E-Tense 225 Opera,SUV,Plug-in Hibrit,Otomatik,Lüks/Hibrit,3800000,5.0,5.0,4.5,5.0,3.5,15.0,4.5,15000,25000,15000,1.5,225,360,8.9,60,4573,555,https://www.dsautomobiles.com.tr
DS,DS 7,E-Tense 300 4x4 Opera,SUV,Plug-in Hibrit,Otomatik,Lüks/4x4,4500000,5.0,5.0,4.8,5.0,3.5,16.0,4.5,15000,28000,18000,1.5,300,520,5.9,60,4573,555,https://www.dsautomobiles.com.tr
KG Mobility,Torres,EVX,SUV,Elektrikli,Otomatik,Macera/Elektrik,2450000,4.5,4.8,4.0,4.5,3.5,18.0,4.5,12000,16000,6000,0,207,339,8.1,460,4715,703,https://www.ssangyong.com.tr
KG Mobility,Korando,1.5 Turbo Platinum,SUV,Benzin,Otomatik,Aile/Geniş,1950000,4.0,4.5,3.8,4.0,3.5,0,0,8000,12000,7500,7.5,163,280,9.8,0,4450,551,https://www.ssangyong.com.tr
KG Mobility,Musso Grand,2.2 Platinum,Pick-up,Dizel,Otomatik,Ticari/Lüks,2100000,3.5,4.0,4.0,3.5,3.8,0,0,9000,13000,8000,9.0,181,420,11.0,0,5405,1000,https://www.ssangyong.com.tr
Alfa Romeo,Tonale,1.5 Hibrit Sprint,SUV,Hibrit,Otomatik,Spor/Giriş,2650000,4.5,4.8,4.0,4.2,3.5,0,0,11000,16000,10000,6.0,160,240,8.8,0,4528,500,https://www.alfaromeo.com.tr
Alfa Romeo,Tonale,1.5 Hibrit Ti,SUV,Hibrit,Otomatik,Spor/Orta,2850000,4.8,4.8,4.0,4.5,3.5,0,0,11000,17500,11000,6.0,160,240,8.8,0,4528,500,https://www.alfaromeo.com.tr
Alfa Romeo,Tonale,1.5 Hibrit Veloce,SUV,Hibrit,Otomatik,Spor/Lüks,3100000,5.0,4.8,4.0,4.5,3.5,0,0,11000,19000,12000,6.0,160,240,8.8,0,4528,500,https://www.alfaromeo.com.tr
Alfa Romeo,Stelvio,2.0 Veloce,SUV,Benzin,Otomatik,Performans/Lüks,5200000,5.0,5.0,5.0,4.8,3.5,0,0,20000,32000,20000,8.5,280,400,5.7,0,4687,525,https://www.alfaromeo.com.tr
Alfa Romeo,Giulia,2.0 Veloce,Sedan,Benzin,Otomatik,Performans/Spor,4900000,5.0,5.0,5.0,4.8,3.5,0,0,20000,30000,18000,8.0,280,400,5.2,0,4643,480,https://www.alfaromeo.com.tr
Ford,Puma,1.0 EcoBoost Style,SUV,Benzin,Otomatik,Şehir/Giriş,1550000,4.0,4.2,3.5,3.8,4.2,0,0,6000,9500,6500,6.2,125,200,10.2,0,4186,456,https://www.ford.com.tr
Ford,Puma,1.0 EcoBoost ST-Line,SUV,Benzin,Otomatik,Şehir/Spor,1850000,4.5,4.2,3.5,3.8,4.2,0,0,6000,11000,7500,6.2,125,200,10.2,0,4186,456,https://www.ford.com.tr
Ford,Focus,1.5 EcoBlue Active,Hatchback,Dizel,Otomatik,Crossover/Dizel,1950000,4.2,4.5,3.5,4.0,4.5,0,0,7500,12000,8000,5.1,115,250,11.8,0,4393,341,https://www.ford.com.tr
Ford,Kuga,1.5 EcoBoost Style,SUV,Benzin,Otomatik,Aile/Giriş,2200000,4.2,4.8,4.0,4.2,4.0,0,0,9000,13500,8500,6.8,182,240,9.6,0,4614,511,https://www.ford.com.tr
Ford,Kuga,1.5 EcoBoost ST-Line,SUV,Benzin,Otomatik,Aile/Spor,2550000,4.5,4.8,4.0,4.2,4.0,0,0,9000,15500,9500,6.8,182,240,9.6,0,4614,511,https://www.ford.com.tr
Ford,Ranger,2.0 EcoBlue Wildtrak,Pick-up,Dizel,Otomatik,Arazi/Lüks,3200000,4.5,4.5,4.5,3.5,4.8,0,0,15000,18000,12000,9.0,205,500,10.5,0,5370,1200,https://www.ford.com.tr
Ford,Mustang Mach-E,RWD Standard Range,SUV,Elektrikli,Otomatik,Performans/Elektrik,4100000,4.8,5.0,4.5,4.2,4.0,17.0,5.0,18000,25000,8000,0,269,430,6.1,440,4713,402,https://www.ford.com.tr
Ford,Mustang Mach-E,AWD Long Range,SUV,Elektrikli,Otomatik,Performans/Menzil,5200000,5.0,5.0,4.8,4.5,4.0,18.5,5.5,20000,30000,10000,0,351,580,5.1,550,4713,402,https://www.ford.com.tr
Lexus,NX,350h Business,SUV,Hibrit,Otomatik,Lüks/Giriş,4200000,4.8,5.0,4.0,4.8,4.0,0,0,18000,26000,14000,6.0,244,239,7.7,0,4660,520,https://www.lexus.com.tr
Lexus,NX,350h Executive,SUV,Hibrit,Otomatik,Lüks/Orta,4600000,5.0,5.0,4.0,5.0,4.0,0,0,18000,28000,15000,6.0,244,239,7.7,0,4660,520,https://www.lexus.com.tr
Lexus,RX,350h Executive,SUV,Hibrit,Otomatik,Lüks/Üst,6500000,5.0,5.0,4.2,5.0,4.0,0,0,25000,40000,20000,6.5,250,270,7.9,0,4890,612,https://www.lexus.com.tr
Subaru,XV,1.6i Xtreme,SUV,Benzin,Otomatik,Güvenlik/Giriş,2100000,4.0,4.8,3.0,4.0,3.8,0,0,8000,12000,8000,7.0,114,150,13.9,0,4485,385,https://www.subaru.com.tr
Subaru,Forester,2.0 e-Boxer X-Exclusive,SUV,Hibrit,Otomatik,Güvenlik/Aile,3100000,4.5,5.0,3.8,4.5,3.8,0,0,10000,18000,11000,6.7,150,194,11.8,0,4625,509,https://www.subaru.com.tr
Subaru,Solterra,e-Xcellent,SUV,Elektrikli,Otomatik,Arazi/Elektrik,2900000,4.5,5.0,4.0,4.2,3.5,16.0,4.5,12000,17000,5000,0,218,337,6.9,466,4690,452,https://www.subaru.com.tr
Mazda,CX-5,2.0 Power Sense,SUV,Benzin,Otomatik,Tasarım/Aile,3200000,4.5,4.8,4.0,4.5,3.5,0,0,10000,19000,12000,7.5,165,213,10.2,0,4575,506,https://www.mazda.com.tr
Mazda,Mazda3,1.5 Power Sense,Hatchback,Benzin,Otomatik,Tasarım/Premium,2100000,4.5,4.5,3.5,4.2,3.5,0,0,8000,13000,8000,6.0,120,153,11.8,0,4460,351,https://www.mazda.com.tr
Jeep,Renegade,1.3 e-Hybrid Longitude,SUV,Hibrit,Otomatik,Şehir/Giriş,1950000,4.0,4.0,3.5,3.8,4.0,0,0,8000,11500,8000,6.2,130,240,9.7,0,4236,351,https://www.jeep.com.tr
Jeep,Renegade,1.3 e-Hybrid Limited,SUV,Hibrit,Otomatik,Şehir/Dolu,2150000,4.2,4.0,3.5,4.0,4.0,0,0,8000,12500,8500,6.2,130,240,9.7,0,4236,351,https://www.jeep.com.tr
Jeep,Compass,1.3 e-Hybrid Limited,SUV,Hibrit,Otomatik,Aile/Orta,2650000,4.2,4.5,3.5,4.2,3.8,0,0,9000,15500,10000,6.0,130,240,10.0,0,4404,438,https://www.jeep.com.tr
Jeep,Compass,1.3 e-Hybrid S Limited,SUV,Hibrit,Otomatik,Aile/Lüks,2950000,4.5,4.5,3.5,4.5,3.8,0,0,9000,17000,11000,6.0,130,240,10.0,0,4404,438,https://www.jeep.com.tr
Jeep,Avenger,1.2 Summit,SUV,Benzin,Manuel,Şehir/Stil,1850000,4.0,4.2,3.2,3.8,3.8,0,0,7000,11000,7500,5.6,100,205,10.6,0,4084,380,https://www.jeep.com.tr
Jeep,Avenger,Elektrikli Summit,SUV,Elektrikli,Otomatik,Şehir/Elektrik,2200000,4.5,4.5,4.0,4.0,3.8,15.4,4.5,8000,13000,4000,0,156,260,9.0,400,4084,380,https://www.jeep.com.tr